workshop_id,updated_timestamp
2392987599,Mar 13 12:44pm
2699141548,N/A
2091564445,Mar 6 5:26pm
2750671238,N/A
2698931985,Jan 22 10:59am
2728300240,Sep 21 4:42pm
2730158335,Jan 25 12:34pm
2566953935,Aug 16 11:10am
2478247379,Aug 16 11:08am
2618213077,Sep 7 10:55am
2409333430,"Oct 4, 2021 8:29am"
2489148104,"Oct 7, 2021 7:20am"
2700619293,N/A
2704811006,Apr 4 11:08am
2703664356,Feb 24 3:26am
2635550102,Mar 3 1:10pm
2445720450,"Sep 3, 2021 11:57am"
2687798127,Aug 9 9:12am
2402057349,Jun 1 4:36pm
2695471997,Jan 3 12:26am
2689032656,N/A
2710167561,Jun 5 9:36am
2181096301,Jun 25 8:42pm
1703604612,Mar 10 2:03am
2715579154,Feb 28 8:18pm
2707957711,N/A
2648779556,Jan 20 11:10am
2487022075,Jan 20 11:14am
2423906082,Aug 10 10:10am
2432621382,Aug 10 10:11am
2098960488,"Aug 5, 2021 12:12pm"
2714198296,Aug 16 11:55pm
2642541073,May 17 10:43am
1962761540,"Dec 24, 2021 5:14am"
2297098490,Feb 28 2:22am
2282429356,Jan 20 11:19am
2592358528,Jan 20 11:30am
2636100523,Jan 20 11:26am
2460154811,Feb 26 3:44am
2200148440,Feb 26 3:43am
1708249581,"Apr 13, 2019 11:41am"
2625625421,Sep 20 12:09pm
2186592938,"Jul 14, 2021 11:46am"
2529746725,Aug 17 4:06am
2631149521,Aug 6 9:56am
2617575303,Feb 22 2:39pm
1510950729,Mar 31 10:40pm
2680926895,Jan 1 7:38am
2629286881,"Nov 19, 2021 5:43pm"
2169435993,"Sep 26, 2021 3:40pm"
2685168362,Jul 5 10:48am
1299328280,Sep 19 7:15pm
2696120270,Feb 27 6:10pm
2503622437,Aug 31 12:52pm
966221273,Jan 13 12:30pm
2629074154,"Oct 17, 2021 2:18am"
2708732326,Jan 6 9:32pm
2487022075,Jan 20 11:14am
2392709985,Aug 16 11:11am
2611652130,"Oct 24, 2021 12:59pm"
2289429759,Jan 6 2:03am
2619072426,Jan 6 1:59am
